{
  "Regressão Logística": {
    "cv_f1_mean": 0.5042105886951348,
    "cv_f1_std": 0.040220868577853175,
    "accuracy": 0.7925,
    "precision": 0.3739130434782609,
    "recall": 0.7962962962962963,
    "f1": 0.5088757396449705,
    "roc_auc": 0.8827338899593234,
    "confusion_matrix": [
      [
        274,
        72
      ],
      [
        11,
        43
      ]
    ]
  },
  "Random Forest": {
    "cv_f1_mean": 0.5064060546576539,
    "cv_f1_std": 0.04174403292930524,
    "accuracy": 0.9275,
    "precision": 0.7906976744186046,
    "recall": 0.6296296296296297,
    "f1": 0.7010309278350515,
    "roc_auc": 0.9403767929779491,
    "confusion_matrix": [
      [
        337,
        9
      ],
      [
        20,
        34
      ]
    ]
  }
}